{
    "mean": {
        "age": 30.4,
        "amount": 248.0
    },
    "std": {
        "age": 7.3006848993775915,
        "amount": 39.6232255123179
    },
    "min": {
        "age": 22,
        "amount": 200
    },
    "max": {
        "age": 40,
        "amount": 300
    }
}